product_id,product_name,category,price,brand
1,Democratic commercial,Clothing,69.1,Boyle-Cook
2,Win and,Books,449.35,Wright LLC
3,Away dinner,Electronics,306.99,Smith-Perkins
4,Response at,Home,440.68,"Banks, Gomez and Krueger"
5,Large tonight live,Sports,401.5,Mcdonald-Lutz
6,Side represent,Clothing,168.76,"Webb, Williams and Bennett"
7,Stop nearly,Books,204.24,"Cummings, Hall and Ross"
8,Next,Clothing,42.16,Shaw PLC
9,Make side young,Sports,183.21,Johnson-Garrett
10,Quite pull,Clothing,86.1,Hill-Perkins
11,Various wish,Books,325.72,Simmons-Miller
12,No interest,Home,133.26,York-Sanchez
13,Size brother forward,Electronics,352.26,"Avery, Rogers and Smith"
14,Guy believe college,Sports,164.03,Dixon and Sons
15,Treatment size,Sports,312.27,Ross PLC
16,Husband summer early,Clothing,441.17,Wood-Byrd
17,See whom bag,Electronics,171.9,"Oconnell, Stanton and Greer"
18,Child care political window,Clothing,224.16,Henderson LLC
19,Pay fire enough several,Sports,218.83,Young Inc
20,Current chair,Books,485.41,Petersen-Pace
21,Drug,Electronics,447.13,"Mckinney, Saunders and Norman"
22,Star be,Home,18.12,Gonzalez-Lewis
23,Resource difference least,Sports,375.69,"Kemp, Hanson and Bennett"
24,Rise to behind,Books,19.15,Hicks-Johnston
25,Hear north,Home,77.52,Bell-Madden
26,Key leave,Clothing,285.77,Thompson-Williams
27,Choice include next,Clothing,309.37,Fuller-Schwartz
28,Way important,Home,28.78,"Fisher, Bernard and Hansen"
29,Respond bill score,Clothing,215.99,Duran Ltd
30,Wife,Electronics,352.65,Cantu PLC
31,Store,Clothing,468.7,Gonzalez-Snyder
32,Participant new response,Books,197.9,Gallegos PLC
33,Care amount,Books,164.89,"Baker, Griffin and Miles"
34,Find series possible,Clothing,382.87,"Tran, Jacobs and Johnson"
35,Director shake all,Books,107.06,Smith-Garrison
36,Fire culture man,Books,110.88,Hamilton and Sons
37,Back meeting four,Books,383.28,Carson-Campbell
38,Fine maybe,Home,489.1,Terry-Peterson
39,Reduce way sort agreement,Books,433.03,Norman PLC
40,Water piece,Sports,205.76,"Booth, Perez and Williams"
41,Magazine pretty later,Clothing,471.76,"Rogers, Phillips and Dennis"
42,Road coach hold,Home,107.22,King Ltd
43,Yeah data list,Books,332.72,"Wu, Stewart and Martinez"
44,No policy hold again,Electronics,223.98,Rogers Group
45,Pass actually,Clothing,182.77,Hill-Warren
46,Among case,Sports,387.2,"Turner, Perez and Price"
47,Really action resource,Electronics,304.59,Sanders LLC
48,Certain discover,Electronics,463.17,"Alvarez, Holt and Watts"
49,Catch interesting maintain,Sports,76.34,Hernandez-Allen
50,Sport institution discuss,Home,116.2,Costa-Lawrence
51,Myself song spend,Clothing,134.34,Davis Inc
52,What develop wrong,Electronics,447.81,"Hale, Sanders and Jones"
53,Democrat visit him camera,Clothing,128.93,Arnold Group
54,Break affect reach,Sports,152.73,Johnson-Smith
55,Foot begin,Books,377.25,Allen and Sons
56,Quickly less,Electronics,152.54,Baker Ltd
57,Cultural six,Sports,420.34,Stone-Hernandez
58,Dog summer door,Electronics,406.75,Brooks Inc
59,Official doctor whatever,Electronics,161.0,Peterson Ltd
60,Particularly probably,Sports,359.87,Brown-Dudley
61,Size have yeah,Home,153.87,Brewer-Todd
62,Else him,Clothing,170.64,Contreras-Rose
63,Police move,Clothing,419.41,"Woodard, Berry and Castro"
64,Process stop,Electronics,299.18,"Williams, Leon and Tran"
65,Project use,Sports,77.94,Marshall-Crawford
66,Say training rest,Books,357.2,"Herman, Sanchez and Berg"
67,During very give,Books,100.68,Swanson-Mendoza
68,Similar start book,Sports,145.64,Jenkins Inc
69,Whole save nothing history,Clothing,93.02,"Coffey, Sanders and Davis"
70,Half bring,Books,422.04,"Bell, Schmitt and Bird"
71,Before too skill,Electronics,336.11,"Knight, Harding and Faulkner"
72,Nature,Sports,118.68,Holt Inc
73,What others poor,Clothing,268.64,Fisher PLC
74,Affect can responsibility,Home,300.22,Lane-Woods
75,But crime,Sports,421.72,Ross-Wood
76,Near example,Clothing,91.94,Russell-Glenn
77,Bar your knowledge,Sports,227.89,"Santos, Craig and Phillips"
78,Act staff,Books,273.94,Cooper PLC
79,Product nature language,Electronics,119.25,Beasley and Sons
80,Firm this expert,Books,181.63,"Sparks, Mcdonald and Martinez"
81,Cause than,Home,288.57,"Tate, Ford and Hughes"
82,I I top,Clothing,189.12,Anderson-Martin
83,Various kitchen,Electronics,218.28,"Carter, Hanson and Smith"
84,Number natural,Sports,433.4,Gomez LLC
85,Front blue investment,Electronics,375.83,Thompson LLC
86,Half test through day,Clothing,282.92,Davis PLC
87,Describe interest,Electronics,298.33,Moore-Arias
88,In power,Home,281.2,"Diaz, Scott and Andrews"
89,Would trip quickly,Home,215.85,Stewart and Sons
90,When Mrs all,Clothing,399.21,"Wells, Jackson and Jones"
91,Soon push,Electronics,228.66,Hicks Group
92,Popular cold read,Clothing,286.41,"Alvarez, Smith and Reed"
93,Door tree writer,Home,93.64,"Johnson, Davis and Whitney"
94,Action as,Home,448.48,Pierce PLC
95,Check drug,Electronics,277.55,Acevedo PLC
96,Yourself college,Electronics,53.25,Lee-Miller
97,Because unit blood,Electronics,169.61,Maxwell Ltd
98,Because blood year,Books,392.53,Bond-Myers
99,Challenge cultural these,Home,252.14,Wang-Duffy
100,Rest above politics,Clothing,253.0,"Pruitt, Mcintyre and Hughes"
101,While operation how,Sports,125.81,Herrera-Serrano
102,Eat increase,Electronics,168.8,"Fischer, Martin and Powell"
103,Base begin,Home,242.29,Torres Group
104,Capital good,Electronics,236.34,Reynolds Group
105,Up discover author,Electronics,425.86,Frank-Price
106,Benefit young,Home,125.05,"Kelly, Bailey and Bates"
107,Bad,Home,436.71,"Rhodes, White and Farley"
108,We do,Books,123.71,"Graham, Robinson and Robertson"
109,Morning couple accept,Clothing,351.95,Baker-Rodriguez
110,Me choice,Home,31.94,"Torres, Short and Thomas"
111,May high,Books,170.37,"Morgan, Brown and Thompson"
112,Radio college challenge,Home,274.64,"Lowe, Hess and Craig"
113,Approach person already,Books,285.2,Perez-Robinson
114,Skill side enter,Clothing,161.34,"Garcia, Berry and Lopez"
115,Appear great,Sports,428.61,James Inc
116,Site how,Home,81.38,"Bailey, Lyons and Hernandez"
117,Phone raise,Books,489.09,Harper PLC
118,Teacher institution,Electronics,461.19,"Bates, Prince and Leon"
119,Figure,Sports,315.21,"Rodriguez, Herrera and Graham"
120,They indeed western,Home,422.91,Lee-Bennett
121,Cup fact,Sports,436.35,Lee Group
122,Often much firm,Books,421.87,"Ellison, Rodriguez and Morris"
123,Citizen bit,Electronics,350.95,"Pace, Waters and Soto"
124,Individual movement,Home,302.4,Richardson-Barnes
125,Party defense,Home,69.88,Alvarez Group
126,Toward partner,Sports,71.11,Guerrero Ltd
127,Blood church edge,Sports,405.25,Whitehead Group
128,About enough forget,Books,63.87,Roth-Cardenas
129,Red everything production,Books,402.68,Ward-Johnson
130,Bit key area,Books,39.45,Harrington PLC
131,Through small,Clothing,58.52,Bishop-Morris
132,Police at,Sports,12.49,Olson-Kaiser
133,Event large enjoy,Sports,242.46,"Pratt, Murphy and Frost"
134,According nice,Home,73.87,Patel Group
135,Police son,Clothing,119.68,Gilbert LLC
136,Go go seven,Electronics,72.2,"Morrison, Raymond and Smith"
137,Return ahead,Clothing,387.03,Roberson PLC
138,More,Clothing,362.15,Rodriguez-Reed
139,Keep behavior relationship,Sports,41.88,Powers PLC
140,Attack team,Home,325.09,Delgado and Sons
141,Citizen happy,Sports,484.34,Leonard Group
142,Subject mother,Home,197.89,Maynard Group
143,Police under,Sports,120.2,Dixon PLC
144,Impact shoulder,Books,79.72,King-Wilson
145,Benefit provide,Books,312.06,Vasquez and Sons
146,Hit race,Books,242.69,Rogers LLC
147,Radio where enjoy,Electronics,222.61,Chandler-Anderson
148,Mother something relate interview,Clothing,318.72,"Ford, Moss and Bass"
149,Doctor learn,Home,208.68,"Rivers, Bernard and Fields"
150,Approach player,Electronics,72.23,Lee-Hayden
151,Attorney number,Clothing,287.7,"Martin, Hinton and Larsen"
152,Light operation,Home,302.53,"Casey, Hart and Ramos"
153,Lot keep look,Clothing,27.44,Peterson LLC
154,Trade,Sports,318.97,Kane and Sons
155,Find,Books,271.53,Velez LLC
156,Other green view,Sports,176.75,"Li, Chase and Bell"
157,Agree cultural,Sports,14.62,Riley Ltd
158,Group matter four,Sports,268.05,Kim-Butler
159,Easy position,Home,284.72,"Thomas, Griffin and Richards"
160,Approach show,Books,318.4,Chandler-Vazquez
161,Clearly threat,Clothing,107.34,"Williams, Warren and Wilson"
162,Reduce use cover,Clothing,122.18,"Petersen, Dennis and Wilson"
163,Relationship important guy,Books,493.31,"Long, Shepherd and Rodriguez"
164,Site market fast,Home,316.76,"Franklin, Hodges and Nielsen"
165,Teach space,Books,82.1,Kane Inc
166,Sing conference whose,Electronics,282.71,Mcguire Inc
167,Figure dog during,Home,227.66,"Ellis, Smith and Rivas"
168,Represent involve memory,Sports,20.64,"Shelton, Burton and Coffey"
169,Receive mention nearly,Sports,141.25,Sutton-Ward
170,Product health,Books,103.0,"Norris, Jones and Gates"
171,Decade public,Sports,305.48,"Brown, Fry and Strickland"
172,Specific old effect,Books,210.87,Merritt-Rice
173,At physical you,Books,165.88,"Taylor, Miller and Ramirez"
174,Rather discussion,Home,118.48,Aguilar Inc
175,Life would pay,Clothing,373.56,Jones LLC
176,Form thought,Home,103.03,Anderson Ltd
177,Institution energy,Clothing,132.78,Douglas-Johnson
178,Discover ball,Sports,195.98,"Ware, Ramirez and Thomas"
179,Race any sense,Clothing,256.5,"Thompson, Adams and Daniel"
180,Because prevent staff,Clothing,253.01,Fletcher-Mays
181,Side ask,Sports,452.76,Wright-Jenkins
182,Economy agreement program,Home,444.35,"Burke, Reed and Malone"
183,Begin see,Books,379.72,"Powell, Perry and Harding"
184,Staff those,Electronics,400.2,Massey-Castro
185,Certainly accept although manager,Electronics,127.65,"Mccoy, Harris and Sanchez"
186,Factor various design,Electronics,237.53,Wiggins-Brown
187,Author brother,Clothing,141.58,Rogers Group
188,Industry last generation,Sports,385.82,Gonzalez PLC
189,Stand choice writer,Sports,75.41,"Alvarado, Nicholson and Frey"
190,Rich none,Home,165.77,"Alvarado, Sutton and Wright"
191,Of according,Home,243.99,Rodriguez-Tran
192,Interesting street buy,Electronics,84.78,Carroll Inc
193,Possible yeah play own,Clothing,229.21,Moore Group
194,Relate option,Sports,492.73,Clark-Kelly
195,Girl view here,Books,129.62,Graham-Scott
196,Trade culture should,Sports,131.97,"Robles, Sanchez and Coffey"
197,Lead drive,Sports,497.26,Baker-Mcdonald
198,Over accept,Clothing,155.47,Mendez-Wagner
199,Tree adult responsibility,Clothing,196.69,Pennington-White
200,Walk daughter east yet,Sports,67.94,"Caldwell, Medina and Zhang"
201,Everyone again election,Clothing,341.5,"Stevenson, Lopez and Kelly"
202,Care experience almost early,Clothing,471.46,Brown-Wade
203,Million speak once,Books,416.04,Molina Inc
204,Mind away policy add,Home,274.83,Klein PLC
205,Indeed century,Clothing,418.88,"Rodgers, Mckenzie and Brandt"
206,Eye,Home,245.26,"Perry, Allison and Martinez"
207,Raise seven new,Home,339.1,"Santiago, Garrett and Lewis"
208,Election chance,Electronics,38.07,Todd LLC
209,Ask wife,Clothing,412.59,"Byrd, Scott and Barnett"
210,Amount speech,Home,59.62,Patterson Group
211,Writer my,Sports,436.53,Nguyen PLC
212,Edge,Sports,76.92,Moore-Gonzales
213,Town anyone,Clothing,209.87,Alvarez and Sons
214,Focus mother vote,Electronics,79.49,"Hawkins, Howell and Douglas"
215,Happen person,Home,479.75,Santana and Sons
216,Writer us,Clothing,148.63,Jennings-Cobb
217,Several rate,Electronics,18.13,Williams-Reynolds
218,Even life,Clothing,262.32,"Robinson, Atkinson and Saunders"
219,Knowledge drug today,Electronics,374.92,"Combs, Stout and Navarro"
220,Report type,Electronics,58.15,Hanson Ltd
221,Born line unit hair,Sports,143.39,Giles-Sanchez
222,Interest age once,Electronics,282.28,"Hansen, Todd and Floyd"
223,Television theory,Home,30.79,"Sullivan, Hart and Gomez"
224,Speech one certain,Books,460.69,Montgomery-Collier
225,Become near,Books,286.21,"Kim, Hill and Carroll"
226,Data expect,Sports,300.06,Wilson-Brown
227,Site staff security,Electronics,128.77,"Salas, Clark and Mooney"
228,Mrs compare,Sports,326.81,Stevens Group
229,Million for,Home,349.6,Garcia Inc
230,Bar create return court,Sports,349.46,Jarvis LLC
231,Manage respond each,Electronics,389.86,Osborn Ltd
232,Investment budget,Electronics,213.44,Reid-Hodges
233,Strategy point air,Home,238.8,Martinez Group
234,Pressure soldier interest,Electronics,189.78,Smith-Turner
235,Less treatment,Electronics,471.39,Baker PLC
236,Night way,Electronics,483.35,Bender and Sons
237,Option wife,Clothing,23.73,Jones and Sons
238,Lead yourself,Books,339.38,"Calderon, Holt and Ball"
239,Reduce travel strong score,Books,433.6,Pratt-Tate
240,Along every discover,Home,475.89,Wright-Brown
241,Church piece trial,Clothing,289.8,Powell LLC
242,Identify heart front become,Home,290.34,Carlson-Powers
243,Follow somebody,Sports,171.13,"Reed, Montes and Peterson"
244,Keep commercial nice ability,Clothing,38.74,Ayala-Elliott
245,Option animal seat,Sports,484.44,Anderson-Contreras
246,Cup,Home,57.82,"Washington, Torres and Baker"
247,People administration listen,Books,418.89,Gonzalez LLC
248,When above,Clothing,403.92,Carlson-Peck
249,Among want,Books,281.23,"Duarte, Williams and Armstrong"
250,Later alone perform,Home,444.46,Russo Inc
251,Return will simple newspaper,Home,231.26,Hall-Moore
252,Detail fall around,Home,79.31,"Davis, Mann and Mcpherson"
253,Dog certainly,Sports,443.37,Dickson-Chen
254,Court prevent risk,Home,429.25,Rush-Tran
255,Doctor under miss,Sports,244.17,"Porter, Greene and Henry"
256,President learn trouble,Sports,95.13,"Brown, Williams and Walker"
257,Stage ahead official a,Home,195.75,"Duncan, Mccarthy and Wilson"
258,However economy,Clothing,329.48,Simmons-Hensley
259,Our against,Clothing,482.31,"Graham, Olsen and Evans"
260,Spend cold,Sports,420.65,"Smith, Evans and Robinson"
261,Week indicate authority,Books,431.79,"Graham, Short and Lang"
262,Fill follow,Electronics,269.36,Holt Inc
263,Least,Electronics,131.79,"Bird, Park and Morgan"
264,Feeling this record,Sports,382.16,"Jackson, Lee and Jones"
265,Agent this,Sports,261.24,Cole-Welch
266,On range,Home,44.71,Schroeder LLC
267,Great agreement hear,Books,163.67,"Mahoney, Maxwell and Cruz"
268,Final suddenly arm,Books,374.7,"Turner, Everett and Boyd"
269,Parent only event walk,Electronics,106.5,Montoya Ltd
270,Enough grow very,Books,392.0,"Hebert, Castillo and Lewis"
271,South rather,Electronics,340.36,"Brown, Carey and Williams"
272,Human music,Books,335.72,Ross Group
273,Impact large,Books,485.37,Trevino Group
274,Child upon address,Clothing,178.46,Rhodes Inc
275,Notice fund,Sports,449.09,"Brown, Johnson and Rivera"
276,Act section president,Sports,395.06,Shea-Nguyen
277,What moment else need,Books,311.56,Smith-Thomas
278,Particularly,Clothing,347.11,Coleman Group
279,Eye watch cover,Sports,467.79,Nelson-Howard
280,Represent piece several,Electronics,247.4,Harrington and Sons
281,Decision should,Clothing,118.33,Bell-Ruiz
282,Media turn college,Clothing,487.91,Poole Ltd
283,Simply car,Books,145.87,Byrd-Perkins
284,Machine feel rather,Home,256.33,"Johnson, Wilson and Smith"
285,Blood,Clothing,34.77,Atkins-Clark
286,Paper away,Home,233.19,"Johnson, Haynes and Petty"
287,Mission fight quality,Books,272.13,Moore-Holland
288,There onto situation,Sports,454.66,Brown and Sons
289,Computer health,Electronics,91.63,Johnson and Sons
290,Like character,Books,359.77,Johnson and Sons
291,Individual they,Electronics,331.77,"House, Miller and Mason"
292,Difference any,Sports,313.13,Hamilton-Hayes
293,Safe forget art develop,Sports,289.55,Esparza Ltd
294,Myself upon body assume,Sports,311.62,Ortega and Sons
295,Avoid agency,Home,483.08,Dunn and Sons
296,Under his outside,Books,73.28,Reed-Montgomery
297,They must base expert,Books,341.75,"Anderson, Wagner and Bryant"
298,Arrive choice follow,Home,331.91,"Wallace, Wallace and Fitzgerald"
299,Man all,Home,19.12,Haas-Herman
300,Truth follow,Electronics,486.06,Moss-Simmons
301,Performance outside agreement laugh,Electronics,108.28,Butler PLC
302,Start president,Books,215.55,Fernandez Ltd
303,Maybe throughout beat crime,Home,424.94,Castro-Smith
304,Speak tend dinner,Sports,11.39,"Burke, Barker and Gibson"
305,Ago finish first,Home,83.29,Walker LLC
306,Arm third,Sports,453.61,Anderson PLC
307,Carry a,Home,453.87,Jones PLC
308,Miss less shake,Books,247.18,"Barnes, Raymond and Patrick"
309,Just occur,Electronics,196.97,"Spence, Lynch and Moore"
310,Identify,Home,160.12,Rose Inc
311,Expect hotel city,Sports,147.9,Wilson-Bryant
312,Economy cost blood,Books,143.15,"Banks, Carrillo and Ward"
313,We the,Books,160.34,Smith Group
314,Strategy result wife,Clothing,252.42,Williams-Lopez
315,East Mr trip,Sports,232.44,Crawford and Sons
316,Television bit too,Electronics,39.04,"Robinson, Cline and Gaines"
317,Field car,Sports,179.7,Myers Ltd
318,Peace quite audience,Home,416.83,Kelly-Mcneil
319,Unit especially,Electronics,485.85,Wade Ltd
320,Baby minute,Clothing,26.92,Mclaughlin Ltd
321,Big get among,Books,256.7,White-Mcclain
322,Pm simple world,Sports,287.59,Johnson and Sons
323,Key experience,Electronics,326.47,"Cunningham, Ferguson and Cooper"
324,Describe cut we cell,Sports,179.84,Mccullough-Ramirez
325,Spring article,Electronics,180.78,Brown PLC
326,One where,Books,87.25,"Alvarez, Vargas and Long"
327,Bad,Books,425.85,Moore PLC
328,Debate exist east,Electronics,61.04,"Blackburn, Lucas and Bailey"
329,Single detail myself,Sports,315.36,Nelson-Perez
330,One establish fear,Electronics,449.33,Williams-Conley
331,Probably while,Books,141.28,"Preston, Cardenas and Mayer"
332,Tv vote,Books,111.44,Cameron-Watson
333,Wall everything,Books,370.49,"Davis, Valdez and Butler"
334,Now,Clothing,465.4,Bryant LLC
335,Camera movie reflect,Home,47.77,"Carter, Andrews and Smith"
336,The brother,Electronics,468.12,Clark Inc
337,Song few,Clothing,477.09,Proctor-Miller
338,Because career,Home,144.93,"Frazier, Kelly and Hamilton"
339,Decide rise,Clothing,86.81,"Henderson, Farmer and Morris"
340,Bad water,Home,33.03,Adams LLC
341,Accept service far see,Books,153.45,"Griffin, Johnson and Mullen"
342,Rise guy,Books,405.37,Wood Ltd
343,Stock game item,Sports,157.9,"Patterson, Wright and Rogers"
344,Tonight,Home,109.84,"Johnson, Collier and Parks"
345,Push,Sports,343.45,Spence Group
346,Soldier suggest,Clothing,379.37,"Flores, Rice and Johnson"
347,Hand each important person,Sports,341.9,Macias-Cook
348,Determine wrong,Clothing,103.15,Newton Group
349,Store,Home,402.6,Cobb LLC
350,Skin too,Books,280.17,Soto Group
351,Article cover,Electronics,269.87,Obrien Group
352,Rich will,Home,227.35,"Brewer, Ponce and Scott"
353,Walk,Clothing,232.2,Bryan PLC
354,Buy big change,Electronics,228.27,"Anderson, Howell and Estrada"
355,Car,Sports,266.74,"Martinez, Kidd and Hall"
356,Hear ground,Clothing,155.46,Noble-Owens
357,Smile recent,Books,214.41,Smith and Sons
358,Over large,Electronics,361.95,Clark-Pacheco
359,Nearly policy,Clothing,306.74,Young Ltd
360,Information time,Electronics,214.16,Brown-Walsh
361,Four respond,Sports,397.87,Taylor-Mooney
362,Anyone contain system,Books,428.28,Leach-Morrow
363,Much position,Electronics,292.64,"Wright, Moore and Elliott"
364,Operation protect teach,Home,90.22,Johnson PLC
365,Response reach industry,Home,332.23,"Holmes, Hernandez and Gonzalez"
366,Worker resource,Sports,424.81,Weiss-Forbes
367,Sport,Home,43.04,Sanchez-Schmidt
368,Measure owner worker,Sports,348.66,"Spencer, Rodriguez and Brock"
369,Mrs school,Clothing,22.84,Bowen-Jordan
370,Down at,Sports,387.87,"Mitchell, Pena and Ramos"
371,Everyone individual,Books,411.39,Ramsey-Long
372,Run several,Electronics,293.03,Porter-Berg
373,Option including small,Sports,262.64,Owens-Craig
374,Democratic save become,Sports,489.18,"Williams, Lane and Dalton"
375,Night particularly form,Books,91.55,"Ortiz, Nelson and Bradley"
376,Weight,Home,150.11,Moore-Carter
377,On station,Books,445.1,Davis-Gordon
378,Over major down,Home,476.89,"Cook, Williamson and Fischer"
379,Account positive visit,Clothing,146.39,Ho PLC
380,Allow,Clothing,207.02,Hamilton-Moss
381,Shoulder quite,Home,337.1,Johnson LLC
382,Research democratic property,Books,284.45,West-Smith
383,Page other,Home,292.38,"Rodriguez, Lopez and Wade"
384,Whose political,Clothing,279.16,Johnson PLC
385,Director expert again likely,Books,468.88,Mccoy Inc
386,Turn dog Mrs north,Books,457.21,Harris-Singh
387,Town mention take,Electronics,212.43,Graves LLC
388,Beyond charge,Sports,219.1,Burns Group
389,Price,Clothing,299.07,Barker LLC
390,Hair foreign key,Clothing,473.35,Ritter PLC
391,Mouth ball age,Home,158.7,Martin LLC
392,Professional whose behavior,Sports,383.37,"Nunez, Gonzalez and Carrillo"
393,Father across,Clothing,498.56,Dunn-Brown
394,Never as,Clothing,264.6,Shields Ltd
395,Without someone hand shake,Sports,247.43,"Rice, Mcintosh and Davis"
396,Specific chance position,Clothing,482.34,Acosta Inc
397,It,Clothing,314.54,"Vega, Berry and Bryan"
398,Drug ready about,Sports,304.23,Parker LLC
399,Information,Books,471.49,Nelson Ltd
400,Step true,Electronics,414.5,Smith-Palmer
401,Any blood,Electronics,102.03,"Stewart, Smith and Wall"
402,Suffer common,Clothing,397.91,Smith PLC
403,Step,Books,476.69,Mckenzie-Smith
404,Word training film,Books,468.27,"Hayes, Anderson and Thompson"
405,Section order cost,Home,108.77,Hill-Taylor
406,Cultural medical usually why,Electronics,354.68,Cummings and Sons
407,Include argue blood environment,Electronics,279.04,Atkinson-Thompson
408,Light close,Clothing,74.18,Davidson-Coleman
409,Court drop sometimes,Home,70.33,Rivera Inc
410,Not claim next,Books,107.05,Martin and Sons
411,Form country,Home,118.96,Oconnell-Green
412,Music kind,Books,74.91,"Bell, Patterson and Porter"
413,Design various certain,Clothing,437.18,"Ruiz, Anderson and Perez"
414,And attorney begin,Clothing,44.16,"Jones, Cook and Mcdowell"
415,Beautiful he trial,Books,402.87,Lopez-Martin
416,Reality,Books,328.86,Davis Inc
417,Him dinner,Books,455.37,Kelley Inc
418,Program,Sports,82.89,Walker PLC
419,Task she,Books,207.68,Ross-Stafford
420,Would blood,Sports,298.09,"Lee, Williams and Davis"
421,Third system trial,Sports,300.91,Garcia Ltd
422,Job phone sort,Clothing,243.81,Montoya Inc
423,Those cause value,Clothing,437.8,"Hall, Rubio and Jones"
424,Spring true,Home,42.05,Porter-Stephens
425,Choice popular ask,Electronics,365.46,Duncan Group
426,Future season,Books,338.97,Acevedo-Duran
427,Perhaps study,Home,215.4,Roach-Murillo
428,Toward money,Books,330.72,Morris and Sons
429,Reveal message,Books,191.37,Wilson-Henry
430,Cut all only,Home,431.64,Oconnor-Jackson
431,Claim part,Books,437.16,Osborn-Montgomery
432,Democrat as you,Books,107.69,Murphy Group
433,Ready its save,Clothing,258.71,"Norton, Krause and Lopez"
434,Factor floor get,Books,436.0,Gonzalez-Wood
435,Store seek,Clothing,47.06,Davis-Sweeney
436,Itself study sense,Sports,141.15,Pham-Solomon
437,Card enough,Home,469.86,"Jimenez, Rivera and Garner"
438,Least,Clothing,235.02,Scott Group
439,Third bar their,Books,137.92,"Gregory, Carney and Reed"
440,Which decade,Electronics,435.18,"Stewart, Hayes and Moore"
441,In nature,Clothing,11.67,Johnson Group
442,Our,Home,348.59,"Morris, Franklin and Walton"
443,Pick set most tell,Sports,377.57,Dorsey Ltd
444,Every simply,Electronics,368.21,Johnston Group
445,Father field,Sports,218.61,Mcintosh-Turner
446,Half game station,Sports,192.6,Powers Ltd
447,Forget lot stuff,Books,83.32,Brown-Harper
448,Marriage nothing both,Electronics,411.48,Rodriguez-Gilbert
449,Enter,Clothing,61.68,"Hudson, Espinoza and Ball"
450,Material majority,Home,392.24,Craig-Henry
451,Interview size culture,Sports,79.01,Wagner Inc
452,This wife with exist,Books,341.14,Morales Ltd
453,Science ask audience carry,Clothing,95.19,"Lawrence, Perkins and Shields"
454,College six,Electronics,411.84,Myers-Hart
455,Nice possible,Sports,170.66,Black-Casey
456,Than,Clothing,267.71,Daniels LLC
457,Up region fear conference,Clothing,284.4,Hernandez-Lopez
458,Play among sometimes,Sports,419.54,"Gregory, Clark and Russell"
459,Fund unit,Home,202.73,Kidd PLC
460,Simply his himself,Sports,149.74,"White, Williams and Harris"
461,Too especially show,Clothing,331.91,Silva-Stevens
462,Return film resource hear,Books,146.31,Garcia-Lowe
463,Front clear forward,Sports,231.48,Ray-Ibarra
464,Benefit whom step,Sports,169.24,"Lawrence, Hensley and Jimenez"
465,Three why we treat,Sports,87.68,Gomez-Lopez
466,Maintain specific,Home,376.66,"Ruiz, Davis and Cobb"
467,Over number,Books,40.37,"Jones, Martinez and Walsh"
468,Watch kind,Home,156.39,Kaiser-Cervantes
469,Assume maintain,Sports,321.42,Patrick-Kent
470,Environmental,Books,238.39,Carroll LLC
471,Coach save four,Electronics,133.52,Wallace Inc
472,System page,Electronics,77.93,Maldonado Group
473,Race member,Home,260.11,"Moreno, Herring and Washington"
474,Reduce,Books,227.53,Davis and Sons
475,Require table,Electronics,101.23,"Mayer, Snyder and Richardson"
476,Remember with,Books,182.92,Bright LLC
477,Language scientist truth,Books,378.15,Osborn-Harris
478,You like material,Home,63.88,Munoz Ltd
479,Put policy probably,Books,12.2,Jacobs Inc
480,Occur prevent government,Electronics,206.75,Floyd PLC
481,Job season glass,Sports,274.54,York and Sons
482,Home action establish,Sports,202.78,Williams Ltd
483,Our big,Home,400.66,Baker Inc
484,Anyone office nor,Books,470.8,Williams Inc
485,Light health southern,Sports,107.68,"Mccarthy, Jenkins and Thornton"
486,Sport including,Clothing,144.52,Burton-Mueller
487,Race set around,Electronics,433.03,Gonzales-Barajas
488,Detail major,Clothing,282.84,Johnson-Figueroa
489,Information,Books,369.76,"Page, Johnson and Rice"
490,Learn,Sports,430.43,"Simpson, Underwood and Grant"
491,Short,Electronics,430.15,Sullivan PLC
492,Little so wear,Books,123.16,Conley and Sons
493,Animal,Books,370.38,Brown-Villa
494,Throw,Home,205.43,French Group
495,Same dark relationship,Sports,168.7,Phelps Inc
496,Majority audience,Clothing,412.59,Giles-Duran
497,Eight,Clothing,94.33,"Wilkinson, Peters and Garcia"
498,Power determine,Electronics,241.3,"Bender, Booth and Faulkner"
499,Region culture hope,Sports,263.95,"Jones, Montgomery and Espinoza"
500,Today,Electronics,53.37,Lindsey Ltd
501,Purpose major,Electronics,489.57,"Wood, Herman and Wade"
502,Race want natural,Books,150.03,Webb-Reynolds
503,Maintain pass your,Sports,467.71,"Roy, Ryan and Swanson"
504,Fill,Books,434.43,Lozano and Sons
505,More different,Clothing,356.05,"Singh, Anderson and Gutierrez"
506,None school,Electronics,87.32,Fleming-Hernandez
507,Fish better weight,Sports,492.27,Cook Inc
508,Effect lose pull,Sports,11.31,Harris Group
509,Place shake,Books,121.31,Franco-Scott
510,Section prepare,Books,75.91,"Graves, Santana and Pitts"
511,Son talk trade team,Books,147.89,"Johnson, Carr and Anderson"
512,Too make nice method,Electronics,102.14,Patterson Inc
513,Despite help,Clothing,126.3,Fox LLC
514,Cover nearly business,Clothing,207.25,"Cook, Gonzales and Vargas"
515,Election community,Books,432.35,"Miller, Ware and Gilbert"
516,School onto special,Home,412.48,"Wagner, Tanner and Roberts"
517,Understand along nothing maintain,Electronics,241.46,"Holland, Mendez and Gray"
518,Travel skill dinner,Sports,340.66,"Wise, Barr and Hale"
519,Rather husband,Books,369.81,King-Owens
520,Window remember,Home,347.81,Brewer Group
521,Feel response reveal,Home,72.59,Smith-Perez
522,Air world source,Clothing,296.92,"Ortiz, Wilson and Taylor"
523,Son travel seek,Books,262.63,Brown LLC
524,Easy prevent become,Sports,223.59,Wilkinson Group
525,Performance picture,Home,348.44,"Johnson, Weber and Adams"
526,Realize common,Sports,162.6,Peterson-Shaw
527,Trial since play,Home,454.79,Burns LLC
528,Big never face,Sports,313.5,Mendoza and Sons
529,Shoulder air,Home,458.82,"Ross, Watson and Jackson"
530,Data leave fall,Home,137.53,Neal Group
531,Have explain,Clothing,406.12,Shaw-Arnold
532,Design garden,Clothing,134.53,"Vega, Christensen and Williams"
533,South since form range,Electronics,492.93,Wright-Johnson
534,Relationship after,Home,427.06,"Rogers, Alvarado and Jackson"
535,Right resource arrive,Clothing,68.93,Gray LLC
536,Practice growth,Books,454.77,"Nelson, Gray and Garrett"
537,Available street,Home,343.24,Padilla-Mullen
538,Be half,Books,222.26,Hodges-Lopez
539,Property medical trip,Sports,357.39,Johnston-Ruiz
540,Join section,Clothing,83.25,"Marshall, Carr and Williams"
541,Claim yet despite,Books,291.14,"Sweeney, Murphy and Garcia"
542,Guy respond,Home,326.84,Davidson Group
543,Front maintain,Home,316.42,Greer-Long
544,Specific particular,Home,86.74,"Rodriguez, Khan and Hernandez"
545,Important each federal,Clothing,208.71,Martin LLC
546,Week total imagine,Books,140.98,"Hardy, Moran and Weiss"
547,Material yet plan,Home,138.83,Charles Ltd
548,World black turn,Clothing,396.85,"Reyes, Holder and Flores"
549,Push mention north issue,Home,262.75,"Fuentes, Wood and Reynolds"
550,Actually work,Sports,38.36,Atkins-Cannon
551,Admit,Home,403.45,Miller and Sons
552,Describe agency film new,Home,425.75,"Ellis, Mendoza and Yang"
553,By everything,Home,416.3,Martinez Ltd
554,Direction condition station sister,Sports,219.48,"Mathis, Martinez and Roberts"
555,Start rest nearly population,Clothing,51.61,Huynh-Allen
556,Star far season,Home,391.29,Turner Group
557,Country want,Electronics,272.96,Wilson Inc
558,Goal past generation,Electronics,14.13,House Group
559,Table,Home,69.23,Rojas Inc
560,Shoulder above bank,Books,311.71,Christian-Stephens
561,This drive none,Electronics,69.34,Harris and Sons
562,Receive take,Electronics,97.56,Allen and Sons
563,Improve exist,Home,98.0,"Smith, Gross and Thompson"
564,When gas,Sports,319.33,Adams LLC
565,Enough group,Sports,138.48,Cook-Cruz
566,Future alone yes pattern,Home,346.74,"Hill, Gardner and Chang"
567,Into include,Electronics,252.01,Murphy-Villegas
568,Forward,Electronics,194.63,Hall PLC
569,Nothing dark give,Books,37.97,Lara Inc
570,Record world,Electronics,129.9,Butler-Baker
571,Continue since,Electronics,120.39,"Harrison, Miller and Henderson"
572,Price need,Clothing,102.79,Thompson-Adams
573,Girl room,Home,99.98,Smith and Sons
574,Civil manager but third,Clothing,140.21,Chavez-Williams
575,Draw another,Home,485.41,"King, Delgado and Weber"
576,Yes bed,Electronics,210.4,Mccormick-Jones
577,Use why cover,Books,146.65,"Turner, Reyes and Crawford"
578,Not public,Sports,403.78,Sims-Walker
579,Measure back race,Clothing,379.21,Thomas Group
580,Little gun billion,Home,296.08,Williams PLC
581,Section threat plan,Books,406.76,Bryan Ltd
582,More pick them,Electronics,392.15,Baker Inc
583,Commercial research source,Home,232.32,"Ochoa, Thompson and Clayton"
584,Seek born,Clothing,173.45,"Lee, Rodriguez and Cruz"
585,Pretty him arm,Electronics,451.23,"Hale, Nunez and Henderson"
586,Right design almost mission,Electronics,123.81,Kim-Mejia
587,End issue interview,Sports,106.23,"Robinson, Swanson and Summers"
588,Front management something,Electronics,86.02,"Rodriguez, Brown and Mcgee"
589,A last,Sports,113.04,Duncan-Rosario
590,Explain,Clothing,345.25,Walls Group
591,Move rate provide,Sports,78.4,"Bell, Smith and Scott"
592,Go cup,Clothing,46.43,Serrano LLC
593,Your rule treat,Home,318.06,Pineda LLC
594,Military similar product enjoy,Home,313.85,"Sutton, Taylor and Jones"
595,This keep,Electronics,442.33,Kennedy-Boyer
596,Work character prepare including,Electronics,428.5,Stephens-Graham
597,Shake along health,Clothing,248.36,Carter-Miller
598,Away message beat,Home,190.45,Watson Inc
599,Choose mother claim,Home,164.01,"Howard, Johnson and Nguyen"
600,Idea best,Home,217.97,Jones-Berry
601,Who loss direction,Home,112.37,Bryant Inc
602,Keep eye physical,Books,40.5,"Patterson, Gibson and Cruz"
603,Lose heavy,Books,300.35,"Knight, Morgan and Sanders"
604,Travel everything,Home,75.65,Morales LLC
605,Hit away,Home,464.42,Jones-Maxwell
606,Outside federal hour,Clothing,108.49,"Garcia, Hart and Bowman"
607,Fire,Home,342.47,Sanchez Group
608,Seat often,Clothing,284.8,Larsen and Sons
609,Agree exactly,Electronics,130.19,Cain-Powell
610,Compare court require those,Books,135.15,Knight-Murphy
611,Current sort table,Clothing,414.59,Phillips LLC
612,Usually too team military,Sports,378.68,Roberts-Dixon
613,Value conference catch adult,Books,224.72,Summers PLC
614,Business fill,Sports,424.19,Walker PLC
615,Research operation,Books,464.28,Chambers-Brown
616,Economy majority,Electronics,458.09,"Reyes, Nichols and Foster"
617,Art place language,Home,60.43,Barrera-Walsh
618,Plant discuss,Home,47.91,"Diaz, Odom and Schaefer"
619,Particularly start develop,Electronics,398.74,"Price, Morgan and Pham"
620,Job husband,Home,340.6,Douglas Inc
621,We beyond series pretty,Home,116.42,Parker-Wood
622,President woman yeah,Books,486.29,Smith Inc
623,Pay describe put,Clothing,206.82,Wu Inc
624,Lay later report,Electronics,290.83,Holland Inc
625,Place generation return,Books,45.79,Espinoza-Castro
626,Simple deal democratic,Electronics,360.38,Moore Inc
627,Explain improve,Home,269.48,Dunn-Griffith
628,Art easy,Clothing,471.59,Lang-Reynolds
629,New cover impact,Sports,31.29,Miller-Stone
630,Such size,Books,52.47,Franklin Group
631,Discussion reveal,Electronics,344.71,"Lopez, Grimes and Gonzales"
632,Miss,Books,235.4,Holloway-Compton
633,Late turn television,Books,171.35,"Wallace, Johnson and Baker"
634,Subject recent,Books,414.6,Villa-Harris
635,Adult boy,Sports,454.72,"Martin, Roberts and Tucker"
636,Result talk key,Electronics,286.88,"Huffman, Evans and Evans"
637,Even black discover,Books,237.18,Williams-Davis
638,Job me,Electronics,431.98,"Price, Rollins and Cross"
639,Summer then,Electronics,151.98,Daniels PLC
640,Phone beautiful lay,Sports,225.35,House PLC
641,Employee bar,Clothing,331.98,Graves and Sons
642,Whose crime,Books,405.54,"Durham, Payne and Davis"
643,Floor particular,Books,214.72,Hudson-Rodriguez
644,Without green,Home,29.49,Hebert Inc
645,Face new together,Sports,476.97,Webb PLC
646,Indeed,Clothing,234.51,Austin-Reynolds
647,Remain gun brother,Electronics,20.73,"Franklin, Davis and Anderson"
648,Store blood,Clothing,242.7,Barton-Villarreal
649,Modern door someone,Sports,328.89,"Hicks, White and Allen"
650,Simple still risk,Sports,430.17,"Barnett, Burke and Martin"
651,First,Electronics,108.88,Hanson Inc
652,Series accept of,Sports,101.77,Richardson LLC
653,Despite brother,Home,215.11,"Armstrong, Smith and Williams"
654,National store,Electronics,200.79,Sanchez and Sons
655,Evidence source sell,Sports,191.78,Miller Inc
656,Sea finally town present,Clothing,333.11,"Russo, Wyatt and Simon"
657,Buy ahead fine at,Clothing,23.08,"Bennett, Whitehead and Stephenson"
658,Girl rock thousand,Books,354.59,Diaz and Sons
659,Work allow protect,Clothing,380.48,Edwards and Sons
660,Final whom,Electronics,87.96,Diaz-Anderson
661,Worker smile outside,Home,78.7,"Perry, Perez and Jackson"
662,Agree should,Sports,207.26,"Potter, Hernandez and Wise"
663,Adult discuss,Electronics,242.13,"Long, Williams and Sanders"
664,Box water image,Clothing,411.55,Clark and Sons
665,Including fish create,Clothing,216.36,Larson-Small
666,Full improve fall,Electronics,435.29,Ross-Nichols
667,Executive data,Sports,126.45,Conrad-Hernandez
668,Interest require thousand affect,Books,381.38,"Boyer, Hart and Williams"
669,Field fear go name,Electronics,178.28,Whitehead-West
670,Environmental of,Home,134.36,Gonzalez PLC
671,Girl beat arrive,Clothing,247.35,Potts Inc
672,Kind raise,Home,303.16,Liu Ltd
673,Record choose Mr charge,Sports,435.52,Webster LLC
674,State level,Books,484.16,"Hanson, Douglas and Arias"
675,During action,Clothing,159.56,Brown-Silva
676,Support relationship table,Home,160.48,Johnson PLC
677,Our general participant,Electronics,242.51,Holder PLC
678,Step challenge partner,Books,416.44,Morales-Burton
679,Maintain American,Books,144.04,"Mclaughlin, Blackwell and Davis"
680,Pay tree including,Electronics,125.32,"Richard, Bryant and Larson"
681,Number he fall,Electronics,188.07,Everett Inc
682,Character bed involve,Books,454.03,Hall-Wiggins
683,Music garden care,Books,483.33,Willis PLC
684,Though eat suddenly,Books,68.02,Bryant-Baldwin
685,Chair,Home,416.97,Berry-Roberts
686,Guess notice news,Home,384.86,Barry Inc
687,Including color,Sports,124.39,"Roberts, Clark and Bell"
688,Resource,Home,123.22,Winters PLC
689,Newspaper southern fear,Electronics,92.69,Carlson-Wade
690,South situation someone,Books,258.09,Carter Inc
691,Chair media,Home,119.71,Perkins Inc
692,Speech,Sports,155.64,Oneill-Camacho
693,Court information,Sports,364.06,Woods-Parks
694,Face think crime,Home,433.36,"Khan, Ramirez and Deleon"
695,Successful will,Books,459.19,Thompson Ltd
696,But against Congress,Sports,256.15,Harrison-George
697,Lead,Home,215.18,Villarreal-Mosley
698,Foreign open throw,Sports,34.8,Griffin PLC
699,Truth stuff continue,Sports,432.29,Ruiz and Sons
700,Just indicate,Clothing,474.74,Snyder LLC
701,Traditional woman might,Home,206.23,"Smith, Smith and Gibson"
702,News,Sports,12.32,Barber-Gordon
703,Up health,Electronics,288.21,"Davis, Ortega and Hutchinson"
704,Method poor turn,Home,310.23,"Oneill, Cherry and Ramirez"
705,Manager woman,Electronics,457.69,"Olsen, Russell and Vasquez"
706,Than economic most,Books,65.81,Hernandez LLC
707,Look loss development,Sports,440.99,Rodriguez and Sons
708,Nothing job growth,Clothing,487.34,Nelson-Snyder
709,Coach,Books,168.96,Rivers PLC
710,Nice box follow,Sports,65.91,Reyes-Cole
711,Force,Home,176.51,Preston-Daniel
712,Central sign,Books,420.56,Mason-Vasquez
713,Animal game stage,Sports,77.89,Thompson LLC
714,While they break,Clothing,194.03,Gonzalez LLC
715,Involve seem,Clothing,111.16,"Thomas, Schneider and Simpson"
716,No alone,Clothing,330.57,Miller PLC
717,Nation accept,Electronics,400.34,Goodman-Coleman
718,Vote road thousand like,Electronics,314.08,Hood-Gutierrez
719,Popular me this,Electronics,230.98,Davis and Sons
720,Deep poor fear education,Home,355.91,"Willis, Carter and Curtis"
721,Bank peace,Sports,268.89,Jordan-Bates
722,Animal everyone later several,Clothing,248.26,"Beck, Santiago and Calderon"
723,Local medical,Books,293.75,Young-Peterson
724,Still eat,Electronics,117.6,"Wallace, Molina and Kirk"
725,Step explain executive,Clothing,40.57,"Hughes, Edwards and Lewis"
726,Force public window,Sports,471.03,"Parker, Hoffman and Bradley"
727,Although argue thing,Electronics,411.32,"Adams, Miller and Jensen"
728,Life also,Home,364.24,"York, Finley and Clay"
729,Economic control,Clothing,365.99,Baker-Moody
730,Who energy,Home,259.9,Hughes Inc
731,Military remember,Electronics,360.7,Taylor PLC
732,Civil to,Clothing,162.04,Bullock-Duke
733,Ahead under,Electronics,322.87,Wyatt-Harrison
734,Return note shake,Sports,349.96,Martinez-Black
735,Together put,Books,169.1,Ellis Ltd
736,Eye lay,Electronics,327.78,"Davis, Fuller and Wang"
737,Record act,Sports,389.28,"Mitchell, Davis and James"
738,Community issue,Books,294.6,"Phillips, Love and Holmes"
739,Open evidence recognize,Electronics,466.92,Figueroa and Sons
740,Explain,Electronics,231.22,"Sanders, Torres and Cooper"
741,Arm television training,Home,426.01,"Gaines, Kemp and Nguyen"
742,Into respond,Books,37.6,Horne-Jordan
743,Choice sometimes after,Home,153.6,Neal-Price
744,However fast,Sports,107.12,Grimes-Garner
745,Nor sit,Sports,181.09,Guerrero-Williams
746,Nice stop join,Books,280.94,Hill-Miller
747,Through spring,Electronics,239.32,Hester and Sons
748,Today bill traditional,Books,54.99,Davenport-Velasquez
749,Tv mouth,Sports,459.79,"Lewis, Martinez and Johnson"
750,Gas final use,Books,164.87,Cole-Rhodes
751,Keep nothing,Electronics,428.53,Medina-Bailey
752,Expert collection green,Sports,269.03,"Coleman, Peters and Allen"
753,Card media structure,Books,397.62,"Thomas, Lane and Lewis"
754,Sport much,Electronics,450.94,Huffman Group
755,Exactly recognize,Home,45.91,"Taylor, Daugherty and Lewis"
756,Main cover,Sports,294.11,Woods-Murillo
757,Late around,Electronics,56.65,Patterson Ltd
758,Away successful,Electronics,385.03,Cunningham and Sons
759,Staff true,Books,117.21,Gutierrez PLC
760,Visit after,Clothing,168.59,Wilkerson and Sons
761,Treatment clear floor,Clothing,38.41,"Hart, Willis and Parker"
762,Mission who big,Home,100.88,Ford-Stevenson
763,Senior,Electronics,364.47,Anderson PLC
764,Grow tree,Electronics,402.57,Brown Ltd
765,Spend land seat thought,Clothing,63.33,Hampton-Powell
766,Area movie,Electronics,293.15,Woodward Inc
767,Training always,Books,494.22,"Johnson, Williamson and Woodward"
768,Glass each,Home,414.81,"Hoffman, Reed and Lopez"
769,Amount tax,Home,384.77,Simpson-Gilbert
770,Catch enter,Sports,448.9,Thompson-Smith
771,Type learn next,Home,311.34,"Jones, Cannon and Hernandez"
772,Hit then listen,Books,255.01,"Riley, Carson and Miller"
773,Live fish foot,Clothing,86.61,"Moses, Simpson and Cooley"
774,For of entire spring,Sports,219.75,Alvarez and Sons
775,Event society,Electronics,82.51,Jones-Collins
776,See whatever,Home,184.49,"Dixon, Johnson and House"
777,Almost add could,Books,229.93,"Lee, Copeland and Baird"
778,Quality unit usually,Electronics,427.29,Adams-Long
779,Opportunity fast food east,Sports,449.03,Henderson Inc
780,Oil,Home,482.13,Allen-Rogers
781,Congress join matter,Clothing,366.44,West-White
782,Impact ground,Sports,392.92,James Inc
783,Alone,Sports,87.69,Salazar-Cole
784,Meet seek hair,Home,422.31,Stephens LLC
785,You put,Home,127.96,Fleming Inc
786,For early air offer,Electronics,377.34,Rodriguez LLC
787,Task allow,Electronics,256.16,"Richardson, Gomez and Brown"
788,Evidence anyone someone strong,Clothing,456.12,Simpson-Young
789,Film trouble yet,Sports,343.47,"Blair, Waters and Villanueva"
790,Wonder plan finish,Books,468.71,Torres LLC
791,Tough tough strategy,Home,161.39,Carr LLC
792,Grow expect daughter,Books,224.76,Taylor-Griffin
793,Senior wonder,Sports,186.58,"Brown, Cooper and Young"
794,Out develop,Books,499.87,Barry PLC
795,Drive under task ahead,Clothing,369.99,Walker Group
796,Police whole,Home,243.22,Brooks-Dennis
797,This memory,Clothing,315.46,Chandler Ltd
798,Avoid,Home,88.81,"Ingram, Huff and Knapp"
799,Dark,Electronics,281.68,Carter Group
800,Call about work,Electronics,41.45,Kelley-Harrell
801,Old team,Clothing,185.96,Massey-Martin
802,Big,Sports,251.92,"Lee, Jenkins and Hurst"
803,Congress debate,Clothing,200.24,Wilson PLC
804,Voice effort,Home,13.06,Walker LLC
805,Some a,Books,338.33,"Mccoy, Bush and Wells"
806,Certainly as nothing,Books,321.33,Davis-Mclaughlin
807,Anyone go group,Books,244.05,Smith-Stuart
808,Before maintain,Books,127.76,Lopez-Brown
809,Because,Books,420.53,"Holmes, Munoz and Romero"
810,Statement lead book,Clothing,162.01,Graves-Graves
811,Better land capital,Sports,196.2,Stone-Miller
812,Success ever adult,Sports,434.91,"Brady, Wagner and Fernandez"
813,Character learn upon their,Home,258.6,Hamilton-Novak
814,Treatment college administration,Clothing,349.54,Coffey Group
815,Very,Home,186.23,"Henderson, Coffey and Harris"
816,Outside forget rich,Clothing,110.08,Lynch-Moon
817,Moment able,Sports,97.72,"Wells, Brooks and Brock"
818,Present which industry,Books,474.59,"Khan, Baker and White"
819,Together training senior,Books,216.52,Vasquez-Brooks
820,Agreement child firm floor,Books,376.14,"Shaw, Silva and Evans"
821,Management myself,Sports,477.01,"Davidson, Thomas and Trujillo"
822,Weight ever,Sports,43.66,White-Chavez
823,Past decision available,Clothing,189.5,Rodriguez-Trevino
824,Receive edge,Clothing,412.34,Gamble-Pitts
825,Today site,Electronics,11.45,Smith Ltd
826,Finish test begin,Sports,116.26,Brown and Sons
827,Surface personal seem deal,Electronics,44.18,"Martin, James and Smith"
828,Film drug sister,Clothing,166.96,Richardson-King
829,Easy probably,Sports,364.57,Peters-Juarez
830,Ability nice,Clothing,58.55,"Gonzales, Olson and Davis"
831,Firm catch son,Books,427.25,Zimmerman and Sons
832,Second although,Home,63.94,"Raymond, Lee and Harmon"
833,There number,Books,235.3,"Young, Bender and Robinson"
834,News age,Books,121.57,"Fox, Jones and Bell"
835,Direction early law,Clothing,156.64,Fischer Group
836,Player compare land again,Sports,230.37,"Norman, Williams and Whitaker"
837,Somebody word coach,Electronics,402.54,Armstrong LLC
838,Might long throw,Sports,388.32,Clark-Nguyen
839,Stock prepare,Clothing,192.03,Elliott-Barron
840,Each,Electronics,145.05,Gibson-Smith
841,Stand state,Sports,123.03,"Day, Allen and Blevins"
842,Example mind,Electronics,352.19,Paul-Whitehead
843,Capital despite two,Electronics,293.94,Frank-James
844,Fast party beautiful,Clothing,212.38,Powell-Stanley
845,Travel grow policy,Sports,12.39,"Silva, Pena and Poole"
846,Try none,Electronics,146.01,"Garcia, Cox and Holland"
847,Safe,Home,193.92,Farmer-Keller
848,Talk use ball,Electronics,152.1,Diaz-Davis
849,Soldier medical,Electronics,294.58,Terry Group
850,Cell produce leg,Electronics,359.93,Paul Ltd
851,Little,Home,217.71,"Clark, Richard and Spence"
852,Ground rate,Electronics,172.41,"Stewart, Andrews and King"
853,Else radio city,Sports,234.84,Weaver LLC
854,Prove type win,Books,281.79,Scott Inc
855,Wall program enjoy in,Books,166.04,"Romero, Wise and Gibson"
856,Change similar table,Electronics,429.43,Allen-Jones
857,Chance whatever,Electronics,372.22,Moran-Jackson
858,Garden each,Home,430.2,"Velazquez, Nichols and Clayton"
859,Mouth son,Sports,43.32,"Manning, Mays and Hawkins"
860,Himself listen,Books,202.99,Davis PLC
861,Book financial moment,Clothing,323.77,Maynard-Anderson
862,Machine half trip,Clothing,124.54,"Morrison, Lyons and Hawkins"
863,Run us fire,Books,254.56,Bass PLC
864,Back contain education store,Home,128.4,"Hines, Rogers and Brown"
865,Head offer face,Home,59.89,Thompson-Rodriguez
866,Building make reality,Electronics,144.22,"Cabrera, Carr and Moore"
867,Hold,Books,303.71,Stewart-Martin
868,Need every,Clothing,133.34,Robinson PLC
869,Left paper,Books,303.13,Miles Inc
870,Beautiful read decision,Sports,309.79,Lee Inc
871,Life show out,Clothing,219.6,Bond-Walsh
872,Reality painting,Home,279.35,Harding and Sons
873,Capital lose century scene,Books,180.6,Boone-Guzman
874,If how finish,Home,471.71,"Martin, Wilson and Arnold"
875,Democrat difficult majority,Sports,26.26,"Phillips, Baker and Perez"
876,Follow doctor,Books,169.76,"Diaz, Hayes and Mccoy"
877,Compare level,Clothing,371.57,Williams-Bailey
878,Role every style,Books,32.19,Martin-Hayes
879,Tonight amount,Electronics,375.99,"Gonzalez, Harris and Larson"
880,Nation international from,Sports,312.38,"Mendez, Anderson and Prince"
881,Fear college,Home,78.07,"Gilbert, Dean and Heath"
882,Should week,Clothing,410.41,"Ryan, Spencer and Ross"
883,Term by take admit,Home,462.29,Dunn-Bennett
884,Quality few learn,Electronics,313.79,Williams Group
885,Stop area,Clothing,114.34,"Arnold, Jones and Burton"
886,Prevent shoulder,Home,323.79,"Johnston, Hunt and Davidson"
887,Beyond lay occur,Books,319.04,Lopez and Sons
888,Nearly,Sports,219.21,"Davis, Harper and Davis"
889,Allow national against,Home,83.08,Holland-Murphy
890,Picture meeting future,Electronics,357.11,Knight Ltd
891,International political practice at,Clothing,485.05,"Chandler, Alexander and Thomas"
892,Choice,Electronics,447.54,Rice Group
893,Sort scientist,Sports,417.68,"Jenkins, Jones and Elliott"
894,Left after,Sports,239.68,Erickson LLC
895,Program spend family,Sports,258.52,Spencer-Lane
896,Side leg firm right,Sports,291.72,"Knapp, Yang and Williams"
897,How market,Sports,158.14,"Graves, Ford and Davis"
898,Nearly mother,Sports,58.29,Sims-Perez
899,Mr toward,Home,130.57,"Carter, Smith and Bender"
900,Father development sport,Clothing,474.07,Porter PLC
901,Fire trade son,Books,161.9,"Castro, Walls and Jarvis"
902,Teach next about,Sports,207.33,"Nelson, Powers and Walters"
903,Condition occur,Books,470.41,Briggs-Wright
904,Player fund not,Sports,220.05,"Best, Ayala and Gray"
905,Hotel,Home,497.96,Adams Inc
906,Media gas,Sports,417.27,"Davis, Sanchez and Carrillo"
907,Fall hotel buy,Home,230.73,Hernandez-Vasquez
908,Black issue difference,Electronics,47.66,"King, Lopez and Abbott"
909,Property operation news,Sports,383.46,Guerrero Inc
910,Tv suggest after,Clothing,433.16,Bowman-Gonzales
911,Back building,Books,499.6,Jones LLC
912,Debate buy name,Sports,31.28,"Jimenez, Mays and Stuart"
913,Hit,Books,269.47,"Barnett, Wright and Taylor"
914,Area and,Books,205.42,Mason Group
915,Might language measure,Electronics,193.21,Mitchell Group
916,Capital amount,Sports,166.61,Johnson-Miller
917,Seem lay,Books,129.84,"Reid, Torres and Sellers"
918,Popular experience power,Home,211.15,Farrell-Walter
919,Grow trade me,Sports,411.02,Calderon-Carr
920,Action edge popular,Home,349.58,Sampson-Lucero
921,Technology meet conference,Electronics,412.8,Harper-Ramirez
922,Machine,Home,266.09,Jones Group
923,Republican mention three,Electronics,302.21,Martinez Ltd
924,Health,Home,227.94,"Baldwin, Johnson and Liu"
925,Type side,Sports,239.37,Parrish-Higgins
926,Your,Clothing,35.63,Marshall-Greene
927,Note professional exactly,Books,494.71,"Phillips, Lewis and Warner"
928,Plan education,Books,230.95,Jones Group
929,Upon same,Clothing,342.75,"Powell, Mitchell and Downs"
930,Tough value for,Home,308.69,Pace PLC
931,Garden owner owner early,Clothing,427.99,Austin LLC
932,Treatment new visit,Books,27.99,Brown-White
933,Road born group social,Clothing,131.05,Coleman-Phillips
934,Win remain to,Sports,257.29,"Lee, Martin and Schmidt"
935,Join letter,Books,14.6,Willis-Crane
936,Certainly street others,Home,199.68,Serrano-Fuller
937,Around market employee,Books,84.11,Payne PLC
938,Painting role them,Electronics,481.76,Moss-Mckenzie
939,Memory store,Books,217.24,"Castillo, Franco and Cobb"
940,President tough PM,Books,368.48,Castro and Sons
941,Analysis drop total beautiful,Home,48.52,"Stephens, Valdez and Espinoza"
942,Task special west,Books,124.83,"Ruiz, Lewis and Wallace"
943,Indicate professional power,Clothing,485.66,Nunez-Freeman
944,Long institution,Clothing,424.67,Parker Ltd
945,Student staff,Books,316.85,Stone-Smith
946,Energy first,Electronics,219.91,Cook and Sons
947,Certain national,Books,161.01,Herring and Sons
948,Agent,Home,216.06,"Moore, Jones and Fox"
949,Environment also,Books,388.1,Navarro-Brown
950,Already whether,Home,258.07,Ferguson-Lucas
951,Tell maintain,Clothing,152.98,"Mendez, Simpson and Ramirez"
952,Smile while blood,Sports,398.14,"Phillips, Elliott and Weber"
953,Give must,Books,49.22,Davis PLC
954,Every board,Electronics,425.14,Coleman-Garcia
955,Tend be source ground,Electronics,214.18,Brown Ltd
956,Two along,Home,333.12,Gonzalez-Andersen
957,American song leave,Sports,269.12,Snyder Group
958,Police against,Clothing,340.92,"Watson, Watson and Wilson"
959,Administration safe character,Electronics,69.41,Walsh-Greene
960,Hotel but fear,Electronics,277.86,Patterson-Ryan
961,Dream cost least,Home,120.58,Peck-Rodriguez
962,Itself environment me,Clothing,346.28,"Cunningham, Stewart and Hale"
963,Recently will,Electronics,368.45,Massey Ltd
964,Not art,Electronics,442.04,Dalton-Wilson
965,Toward,Books,286.03,"Willis, Miller and Clark"
966,Partner notice describe,Home,496.37,Webb Group
967,Lose imagine back,Electronics,67.7,"Proctor, Gibbs and Lee"
968,Catch,Electronics,212.28,"Barry, Perry and Bennett"
969,Maintain however,Sports,46.88,Jackson Ltd
970,Enough whom kid ground,Sports,23.26,Murray Ltd
971,Thousand above,Sports,249.51,Russo and Sons
972,Security however evening,Books,47.47,"Mcneil, Sanders and Dixon"
973,Treatment spend,Sports,384.34,"Willis, Robinson and Green"
974,Soldier animal,Clothing,158.29,Obrien-Parker
975,Pretty son,Clothing,435.47,Todd-Harris
976,Describe your consider,Electronics,184.22,"Garcia, Carrillo and Thomas"
977,Simply wait,Books,151.02,Rodriguez-Grant
978,Because money,Sports,179.31,Garcia Inc
979,Between focus,Sports,258.99,"Levine, Ellison and Garcia"
980,Main,Books,366.71,Mcfarland-Morgan
981,Course pass,Clothing,259.06,Burnett LLC
982,Affect say represent,Electronics,348.68,Fisher LLC
983,Owner,Home,139.25,Bryant-Stuart
984,Congress,Clothing,202.61,Chapman Ltd
985,Receive six nothing industry,Sports,215.52,"Ortiz, Wright and Long"
986,Participant foot,Books,468.99,Cruz LLC
987,Yeah glass view,Clothing,221.84,Carter-Smith
988,Partner,Books,402.79,Ramirez-Chang
989,Article shake,Home,285.68,"Gates, Ibarra and Randall"
990,Certain response believe,Clothing,249.36,"King, Young and Franco"
991,Go,Sports,225.47,"Craig, Wallace and Murphy"
992,Would start record,Books,191.61,Yoder LLC
993,Machine nothing,Sports,340.01,Joseph Inc
994,Tonight argue,Clothing,32.7,"Harrison, English and Lester"
995,Stop drive,Electronics,412.25,Castro-Sherman
996,Training single,Electronics,130.8,Koch LLC
997,Ok account own,Electronics,460.31,Mccormick Ltd
998,Himself edge,Home,132.02,Barrett and Sons
999,Laugh college,Books,293.15,Stewart and Sons
1000,Medical voice next nor,Clothing,359.83,Ibarra and Sons
